[
    {
        "id": "0d75103bec98d208",
        "type": "tab",
        "label": "Flow 5",
        "disabled": false,
        "info": ""
    },
    {
        "id": "60894172411672ae",
        "type": "mqtt in",
        "z": "0d75103bec98d208",
        "name": "LumValue",
        "topic": "LuminosityValue",
        "qos": "0",
        "datatype": "auto",
        "broker": "690dd10a3db0941e",
        "nl": false,
        "rap": true,
        "rh": 0,
        "x": 120,
        "y": 1280,
        "wires": [
            [
                "1fe2887bd67bb598",
                "4071c9e1e0442763",
                "7d3a494e80879338",
                "522790017163bca2",
                "ec2e2fa7ad04a21f"
            ]
        ]
    },
    {
        "id": "1fe2887bd67bb598",
        "type": "debug",
        "z": "0d75103bec98d208",
        "name": "",
        "active": false,
        "tosidebar": true,
        "console": false,
        "tostatus": false,
        "complete": "payload",
        "targetType": "msg",
        "statusVal": "",
        "statusType": "auto",
        "x": 690,
        "y": 1280,
        "wires": []
    },
    {
        "id": "5363cb53b750b551",
        "type": "debug",
        "z": "0d75103bec98d208",
        "name": "",
        "active": false,
        "tosidebar": true,
        "console": false,
        "tostatus": false,
        "complete": "payload",
        "targetType": "msg",
        "statusVal": "",
        "statusType": "auto",
        "x": 1190,
        "y": 1580,
        "wires": []
    },
    {
        "id": "cbbb5ce0ea1d7b57",
        "type": "Named Sensor Data",
        "z": "0d75103bec98d208",
        "name": "LAMP1",
        "cseConfig": "d3314584020d3b0b",
        "aeConfig": "c73d7e2206cf1593",
        "cntName": "DATA",
        "cin": "la",
        "x": 340,
        "y": 1580,
        "wires": [
            [
                "26d3b15dc7f3ccaa",
                "f8e31d58026e3d86"
            ]
        ]
    },
    {
        "id": "e4000f226b524c13",
        "type": "inject",
        "z": "0d75103bec98d208",
        "name": "",
        "props": [
            {
                "p": "payload"
            },
            {
                "p": "topic",
                "vt": "str"
            }
        ],
        "repeat": "30",
        "crontab": "",
        "once": true,
        "onceDelay": "5",
        "topic": "",
        "payloadType": "date",
        "x": 130,
        "y": 1900,
        "wires": [
            [
                "25e474f4c5ef41fe"
            ]
        ]
    },
    {
        "id": "b483a02bf6195afc",
        "type": "inject",
        "z": "0d75103bec98d208",
        "name": "",
        "props": [
            {
                "p": "payload"
            },
            {
                "p": "topic",
                "vt": "str"
            }
        ],
        "repeat": "3",
        "crontab": "",
        "once": true,
        "onceDelay": "5",
        "topic": "",
        "payloadType": "date",
        "x": 150,
        "y": 1580,
        "wires": [
            [
                "cbbb5ce0ea1d7b57"
            ]
        ]
    },
    {
        "id": "25e474f4c5ef41fe",
        "type": "Named Sensor Data",
        "z": "0d75103bec98d208",
        "name": "LAMP0",
        "cseConfig": "d3314584020d3b0b",
        "aeConfig": "c73d7e2206cf1593",
        "cntName": "DATA",
        "cin": "la",
        "x": 320,
        "y": 1900,
        "wires": [
            [
                "6cdae214a589d040",
                "2bc89ebd89bcf1af"
            ]
        ]
    },
    {
        "id": "6cdae214a589d040",
        "type": "debug",
        "z": "0d75103bec98d208",
        "name": "",
        "active": false,
        "tosidebar": true,
        "console": false,
        "tostatus": false,
        "complete": "payload",
        "targetType": "msg",
        "statusVal": "",
        "statusType": "auto",
        "x": 650,
        "y": 1900,
        "wires": []
    },
    {
        "id": "8bc3053f049acbd4",
        "type": "xml",
        "z": "0d75103bec98d208",
        "name": "",
        "property": "payload",
        "attr": "",
        "chr": "",
        "x": 770,
        "y": 1580,
        "wires": [
            [
                "1265cbcd288a8180"
            ]
        ]
    },
    {
        "id": "1265cbcd288a8180",
        "type": "function",
        "z": "0d75103bec98d208",
        "name": "",
        "func": "var value={payload:msg.payload.obj.bool[0].$.val};\nreturn value;",
        "outputs": 1,
        "noerr": 0,
        "initialize": "",
        "finalize": "",
        "libs": [],
        "x": 940,
        "y": 1580,
        "wires": [
            [
                "5363cb53b750b551",
                "d26a8f5876e7f57e"
            ]
        ]
    },
    {
        "id": "f8e31d58026e3d86",
        "type": "Content Extractor",
        "z": "0d75103bec98d208",
        "name": "Content Extractor",
        "x": 570,
        "y": 1580,
        "wires": [
            [
                "8bc3053f049acbd4",
                "c00364968c855a27"
            ]
        ]
    },
    {
        "id": "26d3b15dc7f3ccaa",
        "type": "debug",
        "z": "0d75103bec98d208",
        "name": "",
        "active": false,
        "tosidebar": true,
        "console": false,
        "tostatus": false,
        "complete": "payload",
        "targetType": "msg",
        "statusVal": "",
        "statusType": "auto",
        "x": 570,
        "y": 1720,
        "wires": []
    },
    {
        "id": "7d3a494e80879338",
        "type": "ui_chart",
        "z": "0d75103bec98d208",
        "name": "",
        "group": "f87f218d9e43a5c9",
        "order": 2,
        "width": 0,
        "height": 0,
        "label": "LuminosityValue",
        "chartType": "line",
        "legend": "false",
        "xformat": "HH:mm:ss",
        "interpolate": "linear",
        "nodata": "",
        "dot": false,
        "ymin": "",
        "ymax": "",
        "removeOlder": 1,
        "removeOlderPoints": "",
        "removeOlderUnit": "3600",
        "cutout": 0,
        "useOneColor": false,
        "useUTC": false,
        "colors": [
            "#1f77b4",
            "#aec7e8",
            "#ff7f0e",
            "#2ca02c",
            "#98df8a",
            "#d62728",
            "#ff9896",
            "#9467bd",
            "#c5b0d5"
        ],
        "outputs": 1,
        "useDifferentColor": false,
        "className": "",
        "x": 360,
        "y": 1360,
        "wires": [
            []
        ]
    },
    {
        "id": "d26a8f5876e7f57e",
        "type": "ui_text",
        "z": "0d75103bec98d208",
        "group": "f87f218d9e43a5c9",
        "order": 3,
        "width": 0,
        "height": 0,
        "name": "",
        "label": "Lamp 1 state",
        "format": "{{msg.payload}}",
        "layout": "row-spread",
        "className": "",
        "x": 1190,
        "y": 1680,
        "wires": []
    },
    {
        "id": "ec2e2fa7ad04a21f",
        "type": "function",
        "z": "0d75103bec98d208",
        "name": "",
        "func": "var Max={payload:\"Luminosity level has exceeded value of 800, Value : \"+msg.payload};\nvar Min={payload:\"Luminosity level is below value of 400, Value :  \"+msg.payload};\n\nif (msg.payload<400) {\n    return Min;\n}\nelse if(msg.payload>800) {\n    return Max;\n}",
        "outputs": 1,
        "noerr": 0,
        "initialize": "",
        "finalize": "",
        "libs": [],
        "x": 320,
        "y": 1500,
        "wires": [
            [
                "e64548619fb8971f"
            ]
        ]
    },
    {
        "id": "e64548619fb8971f",
        "type": "e-mail",
        "z": "0d75103bec98d208",
        "server": "smtp.gmail.com",
        "port": "465",
        "secure": true,
        "tls": true,
        "name": "hugolebelguetbis@gmail.com",
        "dname": "",
        "x": 670,
        "y": 1500,
        "wires": []
    },
    {
        "id": "700c58e2aebedd39",
        "type": "ui_button",
        "z": "0d75103bec98d208",
        "name": "",
        "group": "f87f218d9e43a5c9",
        "order": 3,
        "width": 0,
        "height": 0,
        "passthru": false,
        "label": "button true",
        "tooltip": "",
        "color": "",
        "bgcolor": "",
        "className": "",
        "icon": "",
        "payload": "{    \"m2m:cin\" : {       \"rn\" : \"cin_734935904\",       \"ty\" : 4,       \"ri\" : \"/mn-cse/cin-734935904\",       \"pi\" : \"/mn-cse/cnt-49840206\",       \"ct\" : \"20211115T003021\",       \"lt\" : \"20211115T003021\",       \"st\" : 0,       \"cnf\" : \"application/obix:0\",       \"cs\" : 216,       \"con\" : \"<?xml version=\\\"1.0\\\" encoding=\\\"UTF-8\\\" standalone=\\\"yes\\\"?>\\n<obj>\\n    <str val=\\\"LAMP\\\" name=\\\"type\\\"/>\\n    <str val=\\\"Home\\\" name=\\\"location\\\"/>\\n    <str val=\\\"LAMP_0\\\" name=\\\"lampId\\\"/>\\n    <bool val=\\\"true\\\" name=\\\"state\\\"/>\\n</obj>\\n\"    } }",
        "payloadType": "str",
        "topic": "topic",
        "topicType": "msg",
        "x": 110,
        "y": 1980,
        "wires": [
            [
                "494341720d8dc47b"
            ]
        ]
    },
    {
        "id": "d6d370b406cea963",
        "type": "ui_text",
        "z": "0d75103bec98d208",
        "group": "f87f218d9e43a5c9",
        "order": 3,
        "width": 0,
        "height": 0,
        "name": "",
        "label": "Lamp 0 state",
        "format": "{{msg.payload}}",
        "layout": "row-spread",
        "className": "",
        "x": 1150,
        "y": 1800,
        "wires": []
    },
    {
        "id": "d4d616a91bb7fb28",
        "type": "xml",
        "z": "0d75103bec98d208",
        "name": "",
        "property": "payload",
        "attr": "",
        "chr": "",
        "x": 750,
        "y": 1820,
        "wires": [
            [
                "66130224e5d25dd0"
            ]
        ]
    },
    {
        "id": "66130224e5d25dd0",
        "type": "function",
        "z": "0d75103bec98d208",
        "name": "",
        "func": "var value={payload:msg.payload.obj.bool[0].$.val};\nreturn value;",
        "outputs": 1,
        "noerr": 0,
        "initialize": "",
        "finalize": "",
        "libs": [],
        "x": 960,
        "y": 1800,
        "wires": [
            [
                "d6d370b406cea963"
            ]
        ]
    },
    {
        "id": "2bc89ebd89bcf1af",
        "type": "Content Extractor",
        "z": "0d75103bec98d208",
        "name": "Content Extractor",
        "x": 550,
        "y": 1840,
        "wires": [
            [
                "d4d616a91bb7fb28"
            ]
        ]
    },
    {
        "id": "4071c9e1e0442763",
        "type": "SimpleCondition",
        "z": "0d75103bec98d208",
        "operator": ">",
        "value_c": "500",
        "inputType": "msg",
        "input": "payload",
        "name": "if > 500",
        "x": 380,
        "y": 1200,
        "wires": [
            [
                "28a8ea543c45a420"
            ]
        ]
    },
    {
        "id": "494341720d8dc47b",
        "type": "ContentInstance",
        "z": "0d75103bec98d208",
        "name": "",
        "platform": "cdbd856278ef0ad4",
        "name1": "1cf8661afdb823ef",
        "container": "DATA",
        "width": 0,
        "options": [
            {
                "type": "xml",
                "label": "type",
                "value": "LAMP"
            },
            {
                "type": "xml",
                "label": "location",
                "value": "Home"
            },
            {
                "type": "xml",
                "label": "lampId",
                "value": "LAMP_0"
            },
            {
                "type": "xml",
                "label": "state",
                "value": "true"
            }
        ],
        "x": 340,
        "y": 1980,
        "wires": [
            [
                "fcffffbc36b3b78a"
            ]
        ]
    },
    {
        "id": "c00364968c855a27",
        "type": "debug",
        "z": "0d75103bec98d208",
        "name": "",
        "active": false,
        "tosidebar": true,
        "console": false,
        "tostatus": false,
        "complete": "payload",
        "targetType": "msg",
        "statusVal": "",
        "statusType": "auto",
        "x": 810,
        "y": 1720,
        "wires": []
    },
    {
        "id": "adf2093d1d4c8b93",
        "type": "mqtt out",
        "z": "0d75103bec98d208",
        "name": "ButtonValue",
        "topic": "ButtonValue",
        "qos": "0",
        "retain": "",
        "respTopic": "",
        "contentType": "",
        "userProps": "",
        "correl": "",
        "expiry": "",
        "broker": "4741a88d.e4a3d8",
        "x": 910,
        "y": 1200,
        "wires": []
    },
    {
        "id": "b7421a387bb79ee7",
        "type": "debug",
        "z": "0d75103bec98d208",
        "name": "",
        "active": false,
        "tosidebar": true,
        "console": false,
        "tostatus": false,
        "complete": "payload",
        "targetType": "msg",
        "statusVal": "",
        "statusType": "auto",
        "x": 770,
        "y": 1140,
        "wires": []
    },
    {
        "id": "28a8ea543c45a420",
        "type": "change",
        "z": "0d75103bec98d208",
        "name": "1",
        "rules": [
            {
                "t": "set",
                "p": "payload",
                "pt": "msg",
                "to": "1",
                "tot": "str"
            }
        ],
        "action": "",
        "property": "",
        "from": "",
        "to": "",
        "reg": false,
        "x": 610,
        "y": 1200,
        "wires": [
            [
                "b7421a387bb79ee7",
                "adf2093d1d4c8b93"
            ]
        ]
    },
    {
        "id": "8276e05d725f504a",
        "type": "mqtt in",
        "z": "0d75103bec98d208",
        "name": "",
        "topic": "ButtonValue",
        "qos": "2",
        "datatype": "auto",
        "broker": "4741a88d.e4a3d8",
        "nl": false,
        "rap": true,
        "rh": 0,
        "x": 130,
        "y": 1100,
        "wires": [
            [
                "2c05a05ebc022626"
            ]
        ]
    },
    {
        "id": "2c05a05ebc022626",
        "type": "debug",
        "z": "0d75103bec98d208",
        "name": "",
        "active": false,
        "tosidebar": true,
        "console": false,
        "tostatus": false,
        "complete": "payload",
        "targetType": "msg",
        "statusVal": "",
        "statusType": "auto",
        "x": 410,
        "y": 1100,
        "wires": []
    },
    {
        "id": "522790017163bca2",
        "type": "ui_gauge",
        "z": "0d75103bec98d208",
        "name": "",
        "group": "f87f218d9e43a5c9",
        "order": 5,
        "width": 0,
        "height": 0,
        "gtype": "gage",
        "title": "LuminosityValue",
        "label": "units",
        "format": "{{value}}",
        "min": 0,
        "max": "800",
        "colors": [
            "#00b500",
            "#e6e600",
            "#ca3838"
        ],
        "seg1": "",
        "seg2": "",
        "className": "",
        "x": 370,
        "y": 1440,
        "wires": []
    },
    {
        "id": "fcffffbc36b3b78a",
        "type": "debug",
        "z": "0d75103bec98d208",
        "name": "",
        "active": true,
        "tosidebar": true,
        "console": false,
        "tostatus": false,
        "complete": "payload",
        "targetType": "msg",
        "statusVal": "",
        "statusType": "auto",
        "x": 590,
        "y": 1980,
        "wires": []
    },
    {
        "id": "690dd10a3db0941e",
        "type": "mqtt-broker",
        "name": "mqttbroker",
        "broker": "192.168.1.94",
        "port": "1883",
        "clientid": "",
        "usetls": false,
        "protocolVersion": "4",
        "keepalive": "60",
        "cleansession": true,
        "birthTopic": "",
        "birthQos": "0",
        "birthPayload": "",
        "birthMsg": {},
        "closeTopic": "",
        "closeQos": "0",
        "closePayload": "",
        "closeMsg": {},
        "willTopic": "",
        "willQos": "0",
        "willPayload": "",
        "willMsg": {},
        "sessionExpiry": ""
    },
    {
        "id": "d3314584020d3b0b",
        "type": "CSE_CONFIG",
        "cse": "LOCAL MN",
        "poa": "http://localhost:8282",
        "cseId": "mn-cse",
        "cseName": "mn-name",
        "adminOriginator": "1c859aa94faa367a"
    },
    {
        "id": "c73d7e2206cf1593",
        "type": "AE_CONFIG",
        "aeName": "LAMP_1"
    },
    {
        "id": "f87f218d9e43a5c9",
        "type": "ui_group",
        "name": "LampState",
        "tab": "f0f32c981f22483d",
        "order": 1,
        "disp": true,
        "width": "6",
        "collapse": false,
        "className": ""
    },
    {
        "id": "cdbd856278ef0ad4",
        "type": "xN_CSE",
        "platform": "LOCAL MN",
        "URLBase": "http://127.0.0.1:8282/~/mn-cse/mn-name",
        "user": "admin",
        "password": "admin"
    },
    {
        "id": "1cf8661afdb823ef",
        "type": "AE",
        "appId": "LAMP_0"
    },
    {
        "id": "4741a88d.e4a3d8",
        "type": "mqtt-broker",
        "name": "Local mosquitto",
        "broker": "localhost",
        "port": "1883",
        "clientid": "",
        "usetls": false,
        "compatmode": false,
        "protocolVersion": "4",
        "keepalive": "60",
        "cleansession": true,
        "birthTopic": "",
        "birthQos": "0",
        "birthPayload": "",
        "birthMsg": {},
        "closeTopic": "",
        "closeQos": "0",
        "closePayload": "",
        "closeMsg": {},
        "willTopic": "",
        "willQos": "0",
        "willPayload": "",
        "willMsg": {},
        "sessionExpiry": ""
    },
    {
        "id": "1c859aa94faa367a",
        "type": "ORIGINATOR_CONFIG",
        "originatorName": "admin",
        "originator": "admin:admin"
    },
    {
        "id": "f0f32c981f22483d",
        "type": "ui_tab",
        "name": "Home",
        "icon": "dashboard",
        "disabled": false,
        "hidden": false
    }
]